/* 20100606 l1jtw 修改 NPC資料 */
DELETE FROM `npc` WHERE npcid >= '91157' AND npcid <= '91172';

INSERT INTO `npc` VALUES ('91157', '泥龍(地)', '$7770', '安塔瑞斯棲息地', 'L1Monster', '7591', '55', '800', '200', '-55', '16', '12', '12', '14', '18', '60', '3026', '-45', 'large', '0', '1', '1', '960', '960', '1120', '1040', '1040', '0', '0', '0', '1', '1', '1', 'Dragon', '1', '-1', '-1', '0', '0', '0', '0', '250', '0', '80', '0', '0', '0', '0', '0', '0', '0', '0', '0', '0', '0', '1', '0', '0', '-1', '0', '0', '1', '0', '0');
INSERT INTO `npc` VALUES ('91158', '泥龍(火)', '$7770', '安塔瑞斯棲息地', 'L1Monster', '7587', '55', '700', '200', '-45', '9', '10', '9', '16', '16', '50', '3026', '-45', 'large', '0', '1', '1', '960', '960', '1120', '1040', '1040', '0', '0', '0', '1', '1', '1', 'Dragon', '1', '-1', '-1', '0', '0', '0', '0', '250', '0', '80', '0', '0', '0', '0', '0', '0', '0', '0', '0', '0', '0', '1', '0', '0', '-1', '0', '0', '1', '0', '0');
INSERT INTO `npc` VALUES ('91159', '泥龍(水)', '$7770', '安塔瑞斯棲息地', 'L1Monster', '7596', '55', '750', '300', '20', '20', '18', '16', '16', '18', '60', '3026', '-45', 'large', '0', '1', '1', '960', '960', '1120', '1040', '1040', '0', '0', '0', '1', '1', '1', 'Dragon', '1', '-1', '-1', '0', '0', '0', '0', '450', '0', '80', '0', '0', '0', '0', '0', '0', '0', '0', '0', '0', '0', '1', '0', '0', '-1', '0', '0', '1', '0', '0');
INSERT INTO `npc` VALUES ('91160', '泥龍(風)', '$7770', '安塔瑞斯棲息地', 'L1Monster', '7593', '55', '750', '350', '68', '9', '10', '10', '16', '16', '80', '3026', '-45', 'large', '0', '1', '1', '960', '1040', '1120', '1040', '1040', '0', '0', '0', '1', '1', '1', 'Dragon', '1', '-1', '-1', '0', '0', '0', '0', '150', '0', '60', '0', '0', '0', '0', '0', '0', '0', '0', '0', '0', '0', '1', '0', '0', '-1', '0', '0', '1', '0', '0');
INSERT INTO `npc` VALUES ('91161', '荒龍(地)', '$7771', '安塔瑞斯棲息地', 'L1Monster', '7566', '62', '800', '270', '-70', '18', '16', '14', '18', '18', '60', '3845', '-50', 'large', '0', '1', '1', '960', '1040', '1120', '1040', '1040', '0', '0', '0', '1', '1', '1', 'Dragon', '1', '-1', '-1', '0', '0', '0', '0', '100', '0', '40', '0', '0', '0', '0', '0', '0', '0', '0', '0', '0', '0', '1', '0', '0', '-1', '0', '0', '1', '0', '0');
INSERT INTO `npc` VALUES ('91162', '荒龍(火)', '$7771', '安塔瑞斯棲息地', 'L1Monster', '7559', '62', '700', '200', '-57', '24', '20', '18', '16', '18', '50', '3845', '-50', 'large', '0', '1', '1', '960', '1040', '1120', '1040', '1040', '0', '0', '0', '1', '1', '1', 'Dragon', '1', '-1', '-1', '0', '0', '0', '0', '150', '0', '80', '0', '0', '0', '0', '0', '0', '0', '0', '0', '0', '0', '1', '0', '0', '-1', '0', '0', '1', '0', '0');
INSERT INTO `npc` VALUES ('91163', '荒龍(水)', '$7771', '安塔瑞斯棲息地', 'L1Monster', '7580', '62', '750', '450', '-60', '24', '22', '18', '14', '18', '60', '3845', '-50', 'large', '0', '1', '1', '960', '1040', '1120', '1040', '1040', '0', '0', '0', '1', '1', '1', 'Dragon', '1', '-1', '-1', '0', '0', '0', '0', '250', '0', '40', '0', '0', '0', '0', '0', '0', '0', '0', '0', '0', '0', '1', '0', '0', '-1', '0', '0', '1', '0', '0');
INSERT INTO `npc` VALUES ('91164', '荒龍(風)', '$7771', '安塔瑞斯棲息地', 'L1Monster', '7573', '62', '750', '300', '-75', '22', '18', '14', '18', '18', '80', '3845', '-50', 'large', '0', '1', '1', '960', '1040', '1120', '1040', '1040', '0', '0', '0', '1', '1', '1', 'Dragon', '1', '-1', '-1', '0', '0', '0', '0', '250', '0', '80', '0', '0', '0', '0', '0', '0', '0', '0', '0', '0', '0', '1', '0', '0', '-1', '0', '0', '1', '0', '0');
INSERT INTO `npc` VALUES ('91165', '骸龍', '$7772', '安塔瑞斯棲息地', 'L1Monster', '7552', '70', '850', '450', '-75', '22', '20', '18', '16', '22', '100', '4901', '-110', 'large', '0', '1', '1', '860', '960', '1120', '1040', '1040', '0', '0', '0', '1', '1', '1', 'Dragon', '1', '-1', '-1', '0', '0', '0', '0', '400', '0', '100', '0', '0', '0', '0', '0', '0', '0', '0', '0', '0', '0', '1', '0', '0', '-1', '0', '0', '1', '0', '0');
INSERT INTO `npc` VALUES ('91166', '喀瑪焰', '$7754', '喀瑪焰(藍)', 'L1Monster', '7481', '53', '2200', '150', '-40', '16', '10', '9', '16', '16', '30', '2810', '-100', 'small', '0', '1', '1', '860', '860', '1020', '1020', '1040', '0', '0', '0', '1', '1', '1', '', '1', '-1', '-1', '0', '0', '0', '0', '850', '0', '200', '0', '0', '0', '0', '0', '0', '0', '0', '0', '0', '0', '1', '0', '0', '-1', '0', '0', '1', '0', '0');
INSERT INTO `npc` VALUES ('91167', '喀瑪南', '$7755', '喀瑪南(紅)', 'L1Monster', '7489', '53', '1900', '200', '-40', '14', '12', '12', '16', '16', '80', '2810', '-100', 'small', '0', '1', '1', '960', '960', '1120', '1020', '1040', '0', '0', '0', '1', '1', '1', '', '1', '-1', '-1', '0', '0', '0', '0', '450', '0', '200', '0', '0', '0', '0', '0', '0', '0', '0', '0', '0', '0', '1', '0', '0', '-1', '0', '0', '1', '0', '0');
INSERT INTO `npc` VALUES ('91168', '喀瑪王', '$7756', '喀瑪王(A)', 'L1Monster', '7503', '60', '3000', '200', '-50', '20', '20', '20', '16', '16', '60', '3601', '-300', 'large', '0', '1', '1', '960', '1040', '1120', '1040', '1040', '0', '0', '0', '1', '1', '1', '', '1', '-1', '-1', '0', '0', '0', '5000', '2', '5000', '5', '0', '0', '0', '0', '0', '0', '0', '0', '0', '0', '0', '1', '0', '0', '-1', '0', '0', '1', '0', '0');
INSERT INTO `npc` VALUES ('91169', '喀瑪王', '$7756', '喀瑪王(B)', 'L1Monster', '7496', '62', '4000', '200', '-50', '20', '16', '14', '10', '16', '60', '3845', '-300', 'large', '0', '1', '1', '960', '1040', '1120', '1040', '1040', '0', '0', '0', '1', '1', '1', '', '1', '-1', '-1', '0', '0', '0', '14', '12', '12', '10', '0', '0', '0', '0', '0', '0', '0', '0', '0', '0', '0', '1', '0', '0', '-1', '0', '0', '1', '0', '0');
INSERT INTO `npc` VALUES ('91170', '喀瑪王', '$7756', '喀瑪王(C)', 'L1Monster', '7509', '64', '5000', '200', '-50', '20', '10', '9', '16', '16', '60', '4097', '-300', 'large', '0', '1', '1', '960', '1040', '1120', '1040', '1040', '0', '0', '0', '1', '1', '1', '', '1', '-1', '-1', '0', '0', '0', '5000', '2', '5000', '5', '0', '0', '0', '0', '0', '0', '0', '0', '0', '0', '0', '1', '0', '0', '-1', '0', '0', '1', '0', '0');
INSERT INTO `npc` VALUES ('91171', '龍蛋', '龍蛋', '龍蛋1', 'L1Monster', '7522', '1', '10', '0', '10', '125', '50', '24', '35', '8', '0', '0', '0', 'small', '1', '2', '0', '0', '1960', '0', '2000', '2400', '0', '0', '0', '1', '1', '1', 'tikal', '0', '-1', '-1', '0', '0', '0', '5000', '5000', '5000', '50', '0', '0', '0', '0', '0', '0', '0', '0', '1', '0', '0', '0', '0', '0', '-1', '0', '0', '0', '0', '0');
INSERT INTO `npc` VALUES ('91172', '龍蛋', '龍蛋', '龍蛋2', 'L1Monster', '7531', '1', '10', '0', '10', '125', '50', '24', '35', '8', '0', '0', '0', 'small', '0', '2', '0', '0', '2080', '0', '3000', '2920', '0', '0', '0', '1', '1', '1', 'tikal', '0', '-1', '-1', '0', '0', '0', '5000', '5000', '5000', '50', '0', '0', '0', '0', '0', '0', '0', '0', '1', '0', '0', '0', '0', '0', '-1', '0', '0', '0', '0', '0');

/* 修正&新增 dungeon NPC spawnlist spawnlist_npc */
DELETE FROM `dungeon` WHERE src_x = '32679' AND src_y= '32745';
DELETE FROM `dungeon` WHERE src_x = '32811' AND src_y= '32924';
DELETE FROM `dungeon` WHERE src_x = '32938' AND src_y= '32610';
DELETE FROM `dungeon` WHERE src_x = '32796' AND src_y= '32662';

INSERT INTO `dungeon` VALUES ('32809', '32802', '1005', '32678', '32746', '1005', '0', '安塔瑞斯棲息地入口===>>進階型(卡瑞任務闖關)');
INSERT INTO `dungeon` VALUES ('32811', '32924', '1005', '32671', '32667', '1005', '0', '安塔瑞斯棲息地入口->休息區');
INSERT INTO `dungeon` VALUES ('32703', '32670', '1005', '32796', '32662', '1005', '0', '安塔瑞斯棲息地入口->安塔瑞斯洞穴入口');
INSERT INTO `dungeon` VALUES ('32796', '32662', '1005', '32703', '32670', '1005', '0', '安塔瑞斯棲息->安塔瑞斯棲息地');
INSERT INTO `dungeon` VALUES ('32671', '32667', '1005', '32811', '32924', '1005', '0', '休息區=>安塔瑞斯棲息地入口');
INSERT INTO `dungeon` VALUES ('32678', '32746', '1005', '32809', '32802', '1005', '0', '進階型(卡瑞任務闖關)===>>安塔瑞斯棲息地入口');
INSERT INTO `dungeon` VALUES ('32624', '32724', '1005', '32796', '32662', '1005', '0', '直接型(直接單挑安塔瑞斯)=>安塔瑞斯棲息地');

Update npc Set gfxid = '1997' Where npcid = '91063';
Update npc Set gfxid = '1997' Where npcid = '91064';
Update npc Set gfxid = '7515' Where npcid = '91216';
Update npc Set gfxid = '7515' Where npcid = '91234';

INSERT INTO `spawnlist` VALUES ('801501127', '喀瑪王', '1', '91170', '0', '32774', '32922', '12', '12', '0', '0', '0', '0', '6', '60', '120', '1005', '0', '0', '0', '0');
INSERT INTO `spawnlist` VALUES ('801501128', '喀瑪王', '1', '91169', '0', '32780', '32850', '12', '12', '0', '0', '0', '0', '2', '60', '120', '1005', '0', '0', '0', '0');
INSERT INTO `spawnlist` VALUES ('801501129', '喀瑪王', '1', '91168', '0', '32767', '32799', '12', '12', '0', '0', '0', '0', '2', '60', '120', '1005', '0', '0', '0', '0');
INSERT INTO `spawnlist` VALUES ('801501130', '喀瑪焰', '1', '91166', '0', '32802', '32800', '12', '12', '0', '0', '0', '0', '2', '60', '120', '1005', '0', '0', '0', '0');
INSERT INTO `spawnlist` VALUES ('801501131', '喀瑪焰', '1', '91166', '0', '32802', '32800', '12', '12', '0', '0', '0', '0', '2', '60', '120', '1005', '0', '0', '0', '0');
INSERT INTO `spawnlist` VALUES ('801501132', '喀瑪焰', '1', '91166', '0', '32791', '32805', '12', '12', '0', '0', '0', '0', '6', '60', '120', '1005', '0', '0', '0', '0');
INSERT INTO `spawnlist` VALUES ('801501133', '喀瑪焰', '1', '91166', '0', '32875', '32711', '12', '12', '0', '0', '0', '0', '5', '60', '120', '1005', '0', '0', '0', '0');
INSERT INTO `spawnlist` VALUES ('801501134', '喀瑪焰', '1', '91166', '0', '32880', '32706', '12', '12', '0', '0', '0', '0', '1', '60', '120', '1005', '0', '0', '0', '0');
INSERT INTO `spawnlist` VALUES ('801501135', '喀瑪焰', '1', '91166', '0', '32895', '32698', '12', '12', '0', '0', '0', '0', '2', '60', '120', '1005', '0', '0', '0', '0');
INSERT INTO `spawnlist` VALUES ('801501136', '喀瑪焰', '1', '91166', '0', '32914', '32693', '12', '12', '0', '0', '0', '0', '2', '60', '120', '1005', '0', '0', '0', '0');
INSERT INTO `spawnlist` VALUES ('801501137', '喀瑪焰', '1', '91166', '0', '32899', '32605', '12', '12', '0', '0', '0', '0', '0', '60', '120', '1005', '0', '0', '0', '0');
INSERT INTO `spawnlist` VALUES ('801501138', '喀瑪焰', '1', '91166', '0', '32733', '32795', '12', '12', '0', '0', '0', '0', '2', '60', '120', '1005', '0', '0', '0', '0');
INSERT INTO `spawnlist` VALUES ('801501139', '喀瑪焰', '1', '91166', '0', '32931', '32808', '12', '12', '0', '0', '0', '0', '0', '60', '120', '1005', '0', '0', '0', '0');
INSERT INTO `spawnlist` VALUES ('801501140', '喀瑪焰', '1', '91166', '0', '32928', '32797', '12', '12', '0', '0', '0', '0', '0', '60', '120', '1005', '0', '0', '0', '0');
INSERT INTO `spawnlist` VALUES ('801501141', '喀瑪焰', '1', '91166', '0', '32879', '32857', '12', '12', '0', '0', '0', '0', '1', '60', '120', '1005', '0', '0', '0', '0');
INSERT INTO `spawnlist` VALUES ('801501142', '喀瑪焰', '1', '91166', '0', '32903', '32850', '12', '12', '0', '0', '0', '0', '2', '60', '120', '1005', '0', '0', '0', '0');
INSERT INTO `spawnlist` VALUES ('801501143', '喀瑪南', '1', '91167', '0', '32935', '32862', '12', '12', '0', '0', '0', '0', '4', '60', '120', '1005', '0', '0', '0', '0');
INSERT INTO `spawnlist` VALUES ('801501144', '喀瑪南', '1', '91167', '0', '32930', '32848', '12', '12', '0', '0', '0', '0', '6', '60', '120', '1005', '0', '0', '0', '0');
INSERT INTO `spawnlist` VALUES ('801501145', '喀瑪南', '1', '91167', '0', '32869', '32825', '12', '12', '0', '0', '0', '0', '2', '60', '120', '1005', '0', '0', '0', '0');
INSERT INTO `spawnlist` VALUES ('801501146', '喀瑪南', '1', '91167', '0', '32916', '32798', '12', '12', '0', '0', '0', '0', '2', '60', '120', '1005', '0', '0', '0', '0');
INSERT INTO `spawnlist` VALUES ('801501147', '喀瑪南', '1', '91167', '0', '32865', '32849', '12', '12', '0', '0', '0', '0', '2', '60', '120', '1005', '0', '0', '0', '0');
INSERT INTO `spawnlist` VALUES ('801501148', '喀瑪南', '1', '91167', '0', '32783', '32810', '12', '12', '0', '0', '0', '0', '2', '60', '120', '1005', '0', '0', '0', '0');
INSERT INTO `spawnlist` VALUES ('801501149', '喀瑪南', '1', '91167', '0', '32747', '32857', '12', '12', '0', '0', '0', '0', '2', '60', '120', '1005', '0', '0', '0', '0');
INSERT INTO `spawnlist` VALUES ('801501150', '喀瑪南', '1', '91167', '0', '32882', '32856', '12', '12', '0', '0', '0', '0', '2', '60', '120', '1005', '0', '0', '0', '0');
INSERT INTO `spawnlist` VALUES ('801501151', '喀瑪南', '1', '91167', '0', '32749', '32902', '12', '12', '0', '0', '0', '0', '2', '60', '120', '1005', '0', '0', '0', '0');
INSERT INTO `spawnlist` VALUES ('801501152', '喀瑪南', '1', '91167', '0', '32763', '32890', '12', '12', '0', '0', '0', '0', '1', '60', '120', '1005', '0', '0', '0', '0');
INSERT INTO `spawnlist` VALUES ('801501153', '喀瑪南', '1', '91167', '0', '32883', '32903', '12', '12', '0', '0', '0', '0', '5', '60', '120', '1005', '0', '0', '0', '0');
INSERT INTO `spawnlist` VALUES ('801501154', '喀瑪南', '1', '91167', '0', '32859', '32917', '12', '12', '0', '0', '0', '0', '6', '60', '120', '1005', '0', '0', '0', '0');
INSERT INTO `spawnlist` VALUES ('801501155', '喀瑪南', '1', '91167', '0', '32775', '32849', '12', '12', '0', '0', '0', '0', '5', '60', '120', '1005', '0', '0', '0', '0');
INSERT INTO `spawnlist` VALUES ('801501156', '喀瑪南', '1', '91167', '0', '32772', '32846', '12', '12', '0', '0', '0', '0', '7', '60', '120', '1005', '0', '0', '0', '0');
INSERT INTO `spawnlist` VALUES ('801501157', '喀瑪南', '1', '91167', '0', '32757', '32859', '12', '12', '0', '0', '0', '0', '6', '60', '120', '1005', '0', '0', '0', '0');
INSERT INTO `spawnlist` VALUES ('801501158', '喀瑪南', '1', '91167', '0', '32614', '32822', '12', '12', '0', '0', '0', '0', '5', '60', '120', '1005', '0', '0', '0', '0');
INSERT INTO `spawnlist` VALUES ('801501159', '喀瑪焰', '1', '91166', '0', '32614', '32822', '12', '12', '0', '0', '0', '0', '5', '60', '120', '1005', '0', '0', '0', '0');
INSERT INTO `spawnlist` VALUES ('801501160', '喀瑪焰', '1', '91166', '0', '32732', '32917', '12', '12', '0', '0', '0', '0', '3', '60', '120', '1005', '0', '0', '0', '0');
INSERT INTO `spawnlist` VALUES ('801501161', '喀瑪焰', '1', '91166', '0', '32907', '32808', '12', '12', '0', '0', '0', '0', '5', '60', '120', '1005', '0', '0', '0', '0');
INSERT INTO `spawnlist` VALUES ('801501162', '喀瑪焰', '1', '91166', '0', '32801', '32880', '12', '12', '0', '0', '0', '0', '2', '60', '120', '1005', '0', '0', '0', '0');
INSERT INTO `spawnlist` VALUES ('801501163', '喀瑪焰', '1', '91166', '0', '32918', '32886', '12', '12', '0', '0', '0', '0', '2', '60', '120', '1005', '0', '0', '0', '0');
INSERT INTO `spawnlist` VALUES ('801501164', '喀瑪焰', '1', '91166', '0', '32932', '32881', '12', '12', '0', '0', '0', '0', '2', '60', '120', '1005', '0', '0', '0', '0');
INSERT INTO `spawnlist` VALUES ('801501165', '喀瑪焰', '1', '91166', '0', '32771', '32805', '12', '12', '0', '0', '0', '0', '4', '60', '120', '1005', '0', '0', '0', '0');
INSERT INTO `spawnlist` VALUES ('801501166', '喀瑪焰', '1', '91166', '0', '32787', '32795', '12', '12', '0', '0', '0', '0', '2', '60', '120', '1005', '0', '0', '0', '0');
INSERT INTO `spawnlist` VALUES ('801501167', '喀瑪焰', '1', '91166', '0', '32638', '32890', '12', '12', '0', '0', '0', '0', '5', '60', '120', '1005', '0', '0', '0', '0');
INSERT INTO `spawnlist` VALUES ('801501168', '喀瑪焰', '1', '91166', '0', '32773', '32793', '12', '12', '0', '0', '0', '0', '0', '60', '120', '1005', '0', '0', '0', '0');
INSERT INTO `spawnlist` VALUES ('801501169', '喀瑪焰', '1', '91166', '0', '32753', '32914', '12', '12', '0', '0', '0', '0', '1', '60', '120', '1005', '0', '0', '0', '0');
INSERT INTO `spawnlist` VALUES ('801501170', '喀瑪焰', '1', '91166', '0', '32766', '32919', '12', '12', '0', '0', '0', '0', '2', '60', '120', '1005', '0', '0', '0', '0');
INSERT INTO `spawnlist` VALUES ('801501171', '喀瑪焰', '1', '91166', '0', '32933', '32741', '12', '12', '0', '0', '0', '0', '1', '60', '120', '1005', '0', '0', '0', '0');
INSERT INTO `spawnlist` VALUES ('801501172', '喀瑪焰', '1', '91166', '0', '32806', '32852', '12', '12', '0', '0', '0', '0', '5', '60', '120', '1005', '0', '0', '0', '0');
INSERT INTO `spawnlist` VALUES ('801501173', '喀瑪焰', '1', '91166', '0', '32747', '32833', '12', '12', '0', '0', '0', '0', '0', '60', '120', '1005', '0', '0', '0', '0');
INSERT INTO `spawnlist` VALUES ('801501174', '喀瑪焰', '1', '91166', '0', '32753', '32853', '12', '12', '0', '0', '0', '0', '2', '60', '120', '1005', '0', '0', '0', '0');
INSERT INTO `spawnlist` VALUES ('801501175', '喀瑪焰', '1', '91166', '0', '32898', '32797', '12', '12', '0', '0', '0', '0', '6', '60', '120', '1005', '0', '0', '0', '0');
INSERT INTO `spawnlist` VALUES ('801501176', '喀瑪焰', '1', '91166', '0', '32860', '32797', '12', '12', '0', '0', '0', '0', '2', '60', '120', '1005', '0', '0', '0', '0');
INSERT INTO `spawnlist` VALUES ('801501177', '喀瑪焰', '1', '91166', '0', '32863', '32818', '12', '12', '0', '0', '0', '0', '3', '60', '120', '1005', '0', '0', '0', '0');
INSERT INTO `spawnlist` VALUES ('801501178', '喀瑪焰', '1', '91166', '0', '32871', '32628', '12', '12', '0', '0', '0', '0', '4', '60', '120', '1005', '0', '0', '0', '0');
INSERT INTO `spawnlist` VALUES ('801501179', '喀瑪南', '1', '91167', '0', '32871', '32628', '12', '12', '0', '0', '0', '0', '4', '60', '120', '1005', '0', '0', '0', '0');
INSERT INTO `spawnlist` VALUES ('801501180', '喀瑪南', '1', '91167', '0', '32936', '32651', '12', '12', '0', '0', '0', '0', '4', '60', '120', '1005', '0', '0', '0', '0');
INSERT INTO `spawnlist` VALUES ('801501181', '喀瑪南', '1', '91167', '0', '32747', '32800', '12', '12', '0', '0', '0', '0', '4', '60', '120', '1005', '0', '0', '0', '0');
INSERT INTO `spawnlist` VALUES ('801501182', '喀瑪南', '1', '91167', '0', '32747', '32800', '12', '12', '0', '0', '0', '0', '4', '60', '120', '1005', '0', '0', '0', '0');
INSERT INTO `spawnlist` VALUES ('801501183', '喀瑪南', '1', '91167', '0', '32804', '32923', '12', '12', '0', '0', '0', '0', '0', '60', '120', '1005', '0', '0', '0', '0');
INSERT INTO `spawnlist` VALUES ('801501184', '喀瑪南', '1', '91167', '0', '32805', '32928', '12', '12', '0', '0', '0', '0', '4', '60', '120', '1005', '0', '0', '0', '0');
INSERT INTO `spawnlist` VALUES ('801501185', '喀瑪南', '1', '91167', '0', '32788', '32926', '12', '12', '0', '0', '0', '0', '0', '60', '120', '1005', '0', '0', '0', '0');
INSERT INTO `spawnlist` VALUES ('801501186', '喀瑪南', '1', '91167', '0', '32801', '32918', '12', '12', '0', '0', '0', '0', '2', '60', '120', '1005', '0', '0', '0', '0');
INSERT INTO `spawnlist` VALUES ('801501187', '喀瑪南', '1', '91167', '0', '32932', '32732', '12', '12', '0', '0', '0', '0', '1', '60', '120', '1005', '0', '0', '0', '0');
INSERT INTO `spawnlist` VALUES ('801501188', '喀瑪南', '1', '91167', '0', '32920', '32726', '12', '12', '0', '0', '0', '0', '5', '60', '120', '1005', '0', '0', '0', '0');
INSERT INTO `spawnlist` VALUES ('801501189', '喀瑪南', '1', '91167', '0', '32875', '32803', '12', '12', '0', '0', '0', '0', '6', '60', '120', '1005', '0', '0', '0', '0');
INSERT INTO `spawnlist` VALUES ('801501190', '喀瑪南', '1', '91167', '0', '32870', '32830', '12', '12', '0', '0', '0', '0', '6', '60', '120', '1005', '0', '0', '0', '0');
INSERT INTO `spawnlist` VALUES ('801501191', '喀瑪南', '1', '91167', '0', '32873', '32612', '12', '12', '0', '0', '0', '0', '5', '60', '120', '1005', '0', '0', '0', '0');
INSERT INTO `spawnlist` VALUES ('801501192', '喀瑪南', '1', '91167', '0', '32873', '32612', '12', '12', '0', '0', '0', '0', '5', '60', '120', '1005', '0', '0', '0', '0');
INSERT INTO `spawnlist` VALUES ('801501193', '喀瑪南', '1', '91167', '0', '32873', '32612', '12', '12', '0', '0', '0', '0', '5', '60', '120', '1005', '0', '0', '0', '0');
INSERT INTO `spawnlist` VALUES ('801501194', '喀瑪南', '1', '91167', '0', '32930', '32659', '12', '12', '0', '0', '0', '0', '6', '60', '120', '1005', '0', '0', '0', '0');
INSERT INTO `spawnlist` VALUES ('801501195', '安塔瑞斯lv1', '1', '91200', '0', '32790', '32689', '12', '12', '0', '0', '0', '0', '5', '60', '120', '1005', '0', '0', '0', '0');
INSERT INTO `spawnlist` VALUES ('801501196', '喀瑪焰', '1', '91166', '0', '32613', '32797', '12', '12', '0', '0', '0', '0', '2', '60', '120', '1005', '0', '0', '0', '0');
INSERT INTO `spawnlist` VALUES ('801501197', '喀瑪焰', '1', '91166', '0', '32615', '32799', '12', '12', '0', '0', '0', '0', '1', '60', '120', '1005', '0', '0', '0', '0');
INSERT INTO `spawnlist` VALUES ('801501198', '喀瑪焰', '1', '91166', '0', '32615', '32799', '12', '12', '0', '0', '0', '0', '1', '60', '120', '1005', '0', '0', '0', '0');
INSERT INTO `spawnlist` VALUES ('801501199', '喀瑪焰', '1', '91166', '0', '32615', '32799', '12', '12', '0', '0', '0', '0', '1', '60', '120', '1005', '0', '0', '0', '0');
INSERT INTO `spawnlist` VALUES ('801501200', '喀瑪焰', '1', '91166', '0', '32922', '32654', '12', '12', '0', '0', '0', '0', '6', '60', '120', '1005', '0', '0', '0', '0');
INSERT INTO `spawnlist` VALUES ('801501201', '喀瑪焰', '1', '91166', '0', '32875', '32644', '12', '12', '0', '0', '0', '0', '2', '60', '120', '1005', '0', '0', '0', '0');
INSERT INTO `spawnlist` VALUES ('801501202', '喀瑪焰', '1', '91166', '0', '32875', '32644', '12', '12', '0', '0', '0', '0', '2', '60', '120', '1005', '0', '0', '0', '0');
INSERT INTO `spawnlist` VALUES ('801501203', '喀瑪焰', '1', '91166', '0', '32875', '32644', '12', '12', '0', '0', '0', '0', '2', '60', '120', '1005', '0', '0', '0', '0');
INSERT INTO `spawnlist` VALUES ('801501204', '喀瑪焰', '1', '91166', '0', '32934', '32668', '12', '12', '0', '0', '0', '0', '5', '60', '120', '1005', '0', '0', '0', '0');
INSERT INTO `spawnlist` VALUES ('801501205', '喀瑪焰', '1', '91166', '0', '32934', '32668', '12', '12', '0', '0', '0', '0', '5', '60', '120', '1005', '0', '0', '0', '0');
INSERT INTO `spawnlist` VALUES ('801501206', '喀瑪焰', '1', '91166', '0', '32934', '32668', '12', '12', '0', '0', '0', '0', '5', '60', '120', '1005', '0', '0', '0', '0');
INSERT INTO `spawnlist` VALUES ('801501207', '喀瑪焰', '1', '91166', '0', '32749', '32812', '12', '12', '0', '0', '0', '0', '5', '60', '120', '1005', '0', '0', '0', '0');
INSERT INTO `spawnlist` VALUES ('801501208', '喀瑪南', '1', '91167', '0', '32749', '32812', '12', '12', '0', '0', '0', '0', '5', '60', '120', '1005', '0', '0', '0', '0');
INSERT INTO `spawnlist` VALUES ('801501209', '喀瑪南', '1', '91167', '0', '32872', '32711', '12', '12', '0', '0', '0', '0', '5', '60', '120', '1005', '0', '0', '0', '0');
INSERT INTO `spawnlist` VALUES ('801501210', '喀瑪南', '1', '91167', '0', '32872', '32711', '12', '12', '0', '0', '0', '0', '5', '60', '120', '1005', '0', '0', '0', '0');
INSERT INTO `spawnlist` VALUES ('801501211', '喀瑪南', '1', '91167', '0', '32915', '32694', '12', '12', '0', '0', '0', '0', '0', '60', '120', '1005', '0', '0', '0', '0');
INSERT INTO `spawnlist` VALUES ('801501212', '喀瑪南', '1', '91167', '0', '32863', '32701', '12', '12', '0', '0', '0', '0', '5', '60', '120', '1005', '0', '0', '0', '0');
INSERT INTO `spawnlist` VALUES ('801501213', '喀瑪南', '1', '91167', '0', '32863', '32701', '12', '12', '0', '0', '0', '0', '5', '60', '120', '1005', '0', '0', '0', '0');
INSERT INTO `spawnlist` VALUES ('801501214', '喀瑪南', '1', '91167', '0', '32927', '32804', '12', '12', '0', '0', '0', '0', '0', '60', '120', '1005', '0', '0', '0', '0');
INSERT INTO `spawnlist` VALUES ('801501215', '喀瑪南', '1', '91167', '0', '32927', '32804', '12', '12', '0', '0', '0', '0', '0', '60', '120', '1005', '0', '0', '0', '0');
INSERT INTO `spawnlist` VALUES ('801501216', '喀瑪南', '1', '91167', '0', '32908', '32809', '12', '12', '0', '0', '0', '0', '0', '60', '120', '1005', '0', '0', '0', '0');
INSERT INTO `spawnlist` VALUES ('801501217', '喀瑪南', '1', '91167', '0', '32803', '32932', '12', '12', '0', '0', '0', '0', '2', '60', '120', '1005', '0', '0', '0', '0');
INSERT INTO `spawnlist` VALUES ('801501218', '喀瑪焰', '1', '91166', '0', '32876', '32835', '12', '12', '0', '0', '0', '0', '2', '60', '120', '1005', '0', '0', '0', '0');
INSERT INTO `spawnlist` VALUES ('801501219', '喀瑪焰', '1', '91166', '0', '32880', '32664', '12', '12', '0', '0', '0', '0', '6', '60', '120', '1005', '0', '0', '0', '0');
INSERT INTO `spawnlist` VALUES ('801501220', '喀瑪焰', '1', '91166', '0', '32879', '32664', '12', '12', '0', '0', '0', '0', '6', '60', '120', '1005', '0', '0', '0', '0');
INSERT INTO `spawnlist` VALUES ('801501221', '喀瑪焰', '1', '91166', '0', '32879', '32664', '12', '12', '0', '0', '0', '0', '6', '60', '120', '1005', '0', '0', '0', '0');
INSERT INTO `spawnlist` VALUES ('801501222', '喀瑪焰', '1', '91166', '0', '32898', '32657', '12', '12', '0', '0', '0', '0', '0', '60', '120', '1005', '0', '0', '0', '0');
INSERT INTO `spawnlist` VALUES ('801501223', '喀瑪焰', '1', '91166', '0', '32901', '32656', '12', '12', '0', '0', '0', '0', '0', '60', '120', '1005', '0', '0', '0', '0');
INSERT INTO `spawnlist` VALUES ('801501224', '喀瑪焰', '1', '91166', '0', '32901', '32656', '12', '12', '0', '0', '0', '0', '0', '60', '120', '1005', '0', '0', '0', '0');
INSERT INTO `spawnlist` VALUES ('801501225', '喀瑪焰', '1', '91166', '0', '32901', '32656', '12', '12', '0', '0', '0', '0', '0', '60', '120', '1005', '0', '0', '0', '0');
INSERT INTO `spawnlist` VALUES ('801501226', '喀瑪焰', '1', '91166', '0', '32889', '32734', '12', '12', '0', '0', '0', '0', '2', '60', '120', '1005', '0', '0', '0', '0');
INSERT INTO `spawnlist` VALUES ('801501227', '喀瑪焰', '1', '91166', '0', '32900', '32731', '12', '12', '0', '0', '0', '0', '1', '60', '120', '1005', '0', '0', '0', '0');
INSERT INTO `spawnlist` VALUES ('801501228', '喀瑪焰', '1', '91166', '0', '32906', '32719', '12', '12', '0', '0', '0', '0', '0', '60', '120', '1005', '0', '0', '0', '0');
INSERT INTO `spawnlist` VALUES ('801501229', '喀瑪焰', '1', '91166', '0', '32888', '32730', '12', '12', '0', '0', '0', '0', '4', '60', '120', '1005', '0', '0', '0', '0');

INSERT INTO `spawnlist_npc` VALUES ('1310454', '伊帕奇', '1', '91064', '32684', '32662', '0', '0', '4', '0', '1005', '0');
INSERT INTO `spawnlist_npc` VALUES ('1310455', '帕利特', '1', '91063', '32681', '32681', '0', '0', '6', '0', '1005', '0');
INSERT INTO `spawnlist_npc` VALUES ('1310458', '卡瑞', '1', '91062', '32806', '32925', '0', '0', '6', '0', '1005', '0');
