/* 20090604 rev1843 mapids 變更資料 */
Update mapids Set endX = '32895' Where mapid = '72';
Update mapids Set endX = '32895' Where mapid = '73';
Update mapids Set endX = '32895' Where mapid = '74';
Update mapids Set startY = '32704' Where mapid = '73';
Update mapids Set startY = '32768' Where mapid = '74';

/* mobgroup 新增資料 */
insert  into mobgroup values 
(63, 'テーベ マンドラゴラ(2)', 0, 46107, 46107, 1, 0, 0, 0, 0, 0, 0, 0, 0, 0, 0, 0, 0),
(64, 'アイスクイーンの近衛兵(矛)(3)', 0, 46135, 46135, 2, 0, 0, 0, 0, 0, 0, 0, 0, 0, 0, 0, 0),
(65, 'アイスクイーンの近衛兵(弓)(3)', 0, 46138, 46138, 2, 0, 0, 0, 0, 0, 0, 0, 0, 0, 0, 0, 0),
(66, 'アイスクイーンの近衛兵(矛)(3)', 0, 46139, 46139, 2, 0, 0, 0, 0, 0, 0, 0, 0, 0, 0, 0, 0),
(67, 'アイスクイーンの近衛兵(弓)(3)', 0, 46137, 46137, 2, 0, 0, 0, 0, 0, 0, 0, 0, 0, 0, 0, 0),
(68, 'アイスクイーン+アイスクイーンメイド(3)', 0, 46141, 46140, 3, 0, 0, 0, 0, 0, 0, 0, 0, 0, 0, 0, 0);

/* npc 新增資料 */
INSERT INTO `npc` VALUES
(46125, 'アイアン ゴーレム', '$1789', '水晶の洞窟', 'L1Monster', 6638, 43, 566, 10, -29, 70, 30, 8, 5, 5, 50, 1850, -28, 'large', 0, 1, 0, 1920, 1760, 1760, 1760, 0, 0, 0, 1, 1, 1, 'golem', 1, -1, -1, 0, 0, 0, 0, 0, 0, 0, 0, 0, 0, 0, 0, 0, 0, 0, 1, 0, 0, 1, 0, 0, -1, 0, 0, 0, 0, 0),
(46126, 'ライカンスロープ', '$990', '水晶の洞窟', 'L1Monster', 6636, 39, 538, 60, -26, 16, 16, 13, 10, 10, 25, 1522, -24, 'small', 0, 1, 0, 640, 800, 800, 800, 0, 0, 0, 1, 1, 1, 'wolf', 1, -1, -1, 0, 0, 1, 0, 0, 0, 0, 0, 0, 0, 0, 0, 0, 0, 0, 0, 0, 0, 1, 0, 0, -1, 0, 0, 0, 0, 0),
(46127, 'オウルベアー', '$1047', '水晶の洞窟', 'L1Monster', 6634, 41, 552, 200, -27, 18, 13, 14, 7, 8, 20, 1682, -26, 'large', 0, 1, 1, 960, 1080, 1080, 1080, 0, 0, 0, 1, 1, 1, 'bear', 1, -1, -1, 0, 0, 0, 0, 0, 0, 0, 0, 0, 0, 0, 0, 0, 0, 0, 0, 0, 0, 1, 0, 0, -1, 0, 0, 0, 0, 0),
(46128, 'サーベル タイガー', '$1784', '水晶の洞窟', 'L1Monster', 6632, 42, 554, 0, -18, 19, 18, 16, 12, 10, 0, 1765, -27, 'large', 0, 1, 0, 960, 1360, 1360, 1360, 0, 0, 0, 1, 1, 1, 'tiger', 0, -1, -1, 0, 0, 0, 0, 0, 0, 0, 0, 0, 0, 0, 0, 0, 0, 0, 0, 0, 0, 1, 0, 0, -1, 0, 0, 0, 0, 0),
(46129, 'スノーマン', '$1783', '水晶の洞窟', 'L1Monster', 2064, 37, 444, 0, -25, 14, 16, 10, 6, 8, 0, 1370, -22, 'small', 0, 1, 1, 1280, 1080, 1080, 1080, 0, 0, 0, 1, 1, 1, 'snowman', 1, -1, -1, 0, 0, 0, 0, 0, 0, 0, 0, 0, 0, 0, 0, 0, 0, 0, 0, 0, 0, 1, 0, 0, -1, 0, 0, 0, 0, 0),
(46130, 'イエティ', '$1786', '水晶の洞窟', 'L1Monster', 2134, 44, 528, 10, -29, 60, 20, 12, 9, 6, 0, 1937, -29, 'large', 0, 1, 0, 960, 1400, 1400, 1400, 0, 0, 0, 1, 1, 1, 'yeti', 1, -1, -1, 0, 0, 0, 0, 0, 0, 0, 0, 0, 0, 0, 0, 0, 0, 0, 0, 0, 0, 1, 0, 0, -1, 0, 0, 0, 0, 0),
(46131, 'ゴースト', '$1563', '赤-水晶の洞窟', 'L1Monster', 1321, 46, 644, 10, -31, 11, 11, 11, 9, 13, 5, 2117, -31, 'small', 0, 1, 1, 960, 1000, 1000, 1000, 1, 0, 0, 1, 1, 1, 'ghost', 1, -1, -1, 0, 0, 0, 0, 0, 0, 0, 0, 0, 0, 0, 0, 0, 0, 0, 0, 0, 1, 1, 0, 0, -1, 0, 0, 0, 0, 0),
(46132, 'ゴースト', '$1563', '綠-水晶の洞窟', 'L1Monster', 1318, 48, 672, 10, -32, 11, 11, 11, 9, 13, 23, 2305, -33, 'small', 0, 1, 0, 960, 1000, 1000, 1000, 1, 0, 0, 1, 1, 1, 'ghost', 1, -1, -1, 0, 0, 0, 0, 0, 0, 0, 0, 0, 0, 0, 0, 0, 0, 0, 0, 0, 1, 1, 0, 0, -1, 0, 0, 0, 0, 0),
(46133, 'アイス ゴーレム', '$1395', '水晶の洞窟', 'L1Monster', 1525, 47, 573, 0, -31, 46, 16, 10, 5, 6, 7, 2210, -32, 'large', 0, 1, 1, 1920, 1480, 1480, 1480, 0, 0, 0, 1, 1, 1, 'golem', 0, -1, -1, 0, 0, 0, 0, 0, 0, 0, 0, 0, 0, 0, 0, 0, 0, 0, 1, 0, 0, 1, 0, 0, -1, 0, 0, 0, 0, 0),
(46134, 'アイスマン', '$1791', '水晶の洞窟', 'L1Monster', 4915, 26, 200, 20, -20, 17, 17, 17, 12, 12, 15, 677, -25, 'large', 0, 1, 1, 960, 1600, 1600, 1600, 0, 0, 0, 1, 1, 1, 'iceman', 1, -1, -1, 0, 0, 0, 5000, 6, 0, 0, 0, 0, 0, 0, 0, 0, 0, 0, 0, 0, 0, 1, 0, 0, -1, 0, 0, 0, 0, 0),
(46135, 'アイスクイーンの近衛兵', '$5502', '水晶の洞窟2階', 'L1Monster', 6560, 50, 610, 30, -34, 18, 20, 30, 18, 18, 50, 2501, -35, 'large', 0, 2, 1, 960, 1320, 2080, 2080, 0, 0, 0, 1, 1, 1, '', 1, -1, -1, 0, 0, 0, 5000, 30, 5000, 10, 0, 0, 0, 0, 0, 0, 0, 0, 1, 0, 0, 1, 0, 0, -1, 0, 0, 0, 0, 0),
(46136, 'アイスクイーンの近衛兵', '$5502', '水晶の洞窟2階', 'L1Monster', 6558, 40, 800, 30, -50, 18, 20, 30, 18, 18, 50, 2501, -35, 'large', 0, 10, 0, 0, 1920, 2280, 2280, 0, 0, 0, 1, 1, 1, '', 1, -1, -1, 0, 0, 0, 5000, 30, 5000, 10, 0, 0, 0, 0, 0, 0, 0, 0, 1, 0, 0, 1, 66, 0, -1, 0, 0, 0, 0, 0),
(46137, 'アイスクイーンの近衛兵', '$5502', '水晶の洞窟3階', 'L1Monster', 6560, 52, 742, 30, -36, 18, 20, 30, 18, 18, 50, 2501, -35, 'large', 0, 2, 1, 960, 1320, 2080, 2080, 0, 0, 0, 1, 1, 1, '', 0, -1, -1, 0, 0, 0, 5000, 30, 5000, 10, 0, 0, 0, 0, 0, 0, 0, 0, 1, 0, 0, 1, 0, 0, -1, 0, 0, 0, 0, 0),
(46138, 'アイスクイーンの近衛兵', '$5502', '水晶の洞窟2階-弓', 'L1Monster', 6558, 50, 560, 30, -30, 18, 20, 30, 18, 18, 25, 2501, -35, 'large', 0, 10, 0, 640, 1920, 2280, 2280, 0, 0, 0, 1, 1, 1, '', 1, -1, -1, 0, 0, 0, 5000, 30, 5000, 10, 0, 0, 0, 0, 0, 0, 0, 0, 1, 0, 0, 1, 66, 0, -1, 0, 0, 0, 0, 0),
(46139, 'アイスクイーンの近衛兵', '$5502', '水晶の洞窟3階', 'L1Monster', 6558, 40, 800, 30, -50, 18, 20, 30, 18, 18, 50, 2501, -35, 'large', 0, 10, 0, 640, 1920, 2280, 2280, 0, 0, 0, 1, 1, 1, '', 1, -1, -1, 0, 0, 0, 5000, 30, 5000, 10, 0, 0, 0, 0, 0, 0, 0, 0, 1, 0, 0, 1, 66, 0, -1, 0, 0, 0, 0, 0),
(46140, 'アイスクイーン メイド', '$2218', '水晶の洞窟', 'L1Monster', 2118, 10, 1000, 400, -35, 30, 18, 20, 18, 18, 60, 0, -120, 'small', 0, 1, 0, 960, 1320, 1320, 1320, 0, 0, 0, 1, 1, 1, 'icequeen', 1, -1, -1, 0, 0, 0, 0, 0, 0, 0, 0, 0, 0, 0, 0, 0, 0, 0, 0, 0, 0, 1, 0, 0, -1, 0, 0, 1, 0, 0),
(46141, 'アイス クイーン', '$1771', '水晶の洞窟', 'L1Monster', 6581, 70, 10000, 400, -80, 40, 25, 30, 28, 28, 90, 5000, -1000, 'small', 0, 1, 0, 960, 1320, 1320, 1320, 0, 0, 0, 1, 1, 1, 'icequeen', 1, -1, -1, 0, 0, 0, 5000, 400, 5000, 250, 0, 0, 0, 0, 0, 0, 0, 0, 1, 0, 0, 0, 0, 0, -1, 0, 0, 0, 0, 1),
(46142, 'アイス デーモン', '$5525', '水晶の洞窟', 'L1Monster', 6566, 65, 7000, 450, -70, 30, 25, 25, 25, 25, 80, 3600, -1000, 'small', 0, 1, 0, 640, 720, 900, 960, 0, 0, 0, 1, 1, 1, '', 0, -1, -1, 0, 0, 0, 5000, 250, 5000, 250, 0, 0, 0, 0, 0, 0, 0, 0, 1, 0, 0, 0, 0, 0, -1, 0, 0, 0, 0, 1),
(46143, 'アイスクイーンの近衛兵', '$5502', '水晶の洞窟1階キーパー', 'L1Monster', 6558, 45, 540, 10, -30, 18, 20, 30, 18, 18, 0, 2026, -30, 'large', 0, 12, 0, 0, 1720, 2280, 2280, 0, 0, 0, 1, 1, 1, '', 0, -1, -1, 0, 0, 0, 0, 0, 0, 0, 0, 0, 0, 0, 0, 0, 0, 0, 1, 0, 0, 1, 66, 0, -1, 0, 0, 0, 0, 0),
(46144, 'アイスクイーンの近衛兵', '$5502', '水晶の洞窟2階キーパー', 'L1Monster', 6558, 52, 642, 10, -36, 18, 20, 30, 18, 18, 27, 2705, -38, 'large', 0, 12, 0, 0, 1720, 2280, 2280, 0, 0, 0, 1, 1, 1, '', 0, -1, -1, 0, 0, 0, 0, 0, 0, 0, 0, 0, 0, 0, 0, 0, 0, 0, 1, 0, 0, 1, 66, 0, -1, 0, 0, 0, 0, 0),
(46145, 'アイスクイーンの近衛兵', '$5502', '水晶の洞窟2階キーパー', 'L1Monster', 6558, 52, 642, 10, -36, 18, 20, 30, 18, 18, 27, 2705, -38, 'large', 0, 12, 0, 0, 1720, 2280, 2280, 0, 0, 0, 1, 1, 1, '', 0, -1, -1, 0, 0, 0, 0, 0, 0, 0, 0, 0, 0, 0, 0, 0, 0, 0, 1, 0, 0, 1, 66, 0, -1, 0, 0, 0, 0, 0),
(46146, 'アイスクイーンの近衛兵', '$5502', '水晶の洞窟2階キーパー', 'L1Monster', 6558, 52, 642, 10, -36, 18, 20, 30, 18, 18, 27, 2705, -38, 'large', 0, 12, 0, 0, 1720, 2280, 2280, 0, 0, 0, 1, 1, 1, '', 0, -1, -1, 0, 0, 0, 0, 0, 0, 0, 0, 0, 0, 0, 0, 0, 0, 0, 1, 0, 0, 1, 66, 0, -1, 0, 0, 0, 0, 0),
(46147, 'アイスクイーンの近衛兵', '$5502', '水晶の洞窟2階キーパー', 'L1Monster', 6558, 52, 642, 10, -36, 18, 20, 30, 18, 18, 27, 2705, -38, 'large', 0, 12, 0, 0, 1720, 2280, 2280, 0, 0, 0, 1, 1, 1, '', 0, -1, -1, 0, 0, 0, 0, 0, 0, 0, 0, 0, 0, 0, 0, 0, 0, 0, 1, 0, 0, 1, 66, 0, -1, 0, 0, 0, 0, 0),
(46148, 'アイスクイーンの近衛兵', '$5502', '水晶の洞窟2階キーパー', 'L1Monster', 6558, 52, 642, 10, -36, 18, 20, 30, 18, 18, 27, 2705, -38, 'large', 0, 12, 0, 0, 1720, 2280, 2280, 0, 0, 0, 1, 1, 1, '', 0, -1, -1, 0, 0, 0, 0, 0, 0, 0, 0, 0, 0, 0, 0, 0, 0, 0, 1, 0, 0, 1, 66, 0, -1, 0, 0, 0, 0, 0),
(46149, 'アイスクイーンの近衛兵', '$5502', '水晶の洞窟3階キーパー', 'L1Monster', 6558, 52, 642, 10, -36, 18, 20, 30, 18, 18, 27, 2705, -38, 'large', 0, 12, 0, 0, 1720, 2280, 2280, 0, 0, 0, 1, 1, 1, '', 0, -1, -1, 0, 0, 0, 0, 0, 0, 0, 0, 0, 0, 0, 0, 0, 0, 0, 1, 0, 0, 1, 66, 0, -1, 0, 0, 0, 0, 0),
(46150, 'アイスクイーンの近衛兵', '$5502', '水晶の洞窟3階キーパー', 'L1Monster', 6558, 52, 642, 10, -36, 18, 20, 30, 18, 18, 27, 2705, -38, 'large', 0, 12, 0, 0, 1720, 2280, 2280, 0, 0, 0, 1, 1, 1, '', 0, -1, -1, 0, 0, 0, 0, 0, 0, 0, 0, 0, 0, 0, 0, 0, 0, 0, 1, 0, 0, 1, 66, 0, -1, 0, 0, 0, 0, 0),
(46151, 'アイスクイーンの近衛兵', '$5502', '水晶の洞窟3階キーパー', 'L1Monster', 6558, 52, 642, 10, -36, 18, 20, 30, 18, 18, 27, 2705, -38, 'large', 0, 12, 0, 0, 1720, 2280, 2280, 0, 0, 0, 1, 1, 1, '', 0, -1, -1, 0, 0, 0, 0, 0, 0, 0, 0, 0, 0, 0, 0, 0, 0, 0, 1, 0, 0, 1, 66, 0, -1, 0, 0, 0, 0, 0),
(46152, 'アイスクイーンの近衛兵', '$5502', '水晶の洞窟3階キーパー', 'L1Monster', 6558, 52, 642, 10, -36, 18, 20, 30, 18, 18, 27, 2705, -38, 'large', 0, 12, 0, 0, 1720, 2280, 2280, 0, 0, 0, 1, 1, 1, '', 0, -1, -1, 0, 0, 0, 0, 0, 0, 0, 0, 0, 0, 0, 0, 0, 0, 0, 1, 0, 0, 1, 66, 0, -1, 0, 0, 0, 0, 0);

/* spawnlist 修改新增資料  */
delete from spawnlist where id = '7200001' ;
delete from spawnlist where id = '7200002' ;
delete from spawnlist where id = '7200003' ;
delete from spawnlist where id = '7200004' ;
delete from spawnlist where id = '7200005' ;
delete from spawnlist where id = '7200006' ;
delete from spawnlist where id = '7200007' ;
delete from spawnlist where id = '7300001' ;
delete from spawnlist where id = '7300002' ;
delete from spawnlist where id = '7300003' ;
delete from spawnlist where id = '7300004' ;
delete from spawnlist where id = '7300005' ;
delete from spawnlist where id = '7300006' ;
delete from spawnlist where id = '7400001' ;
delete from spawnlist where id = '7400002' ;
delete from spawnlist where id = '7400003' ;
delete from spawnlist where id = '7400004' ;
delete from spawnlist where id = '7400005' ;
delete from spawnlist where id = '7400006' ;

INSERT INTO `spawnlist` VALUES
(7200001, 'アイスクイーンの近衛兵', 1, 46136, 0, 32798, 32853, 0, 0, 0, 0, 0, 0, 5, 20, 40, 72, 0, 0, 0, 0),
(7200002, 'アイスクイーンの近衛兵', 1, 46136, 0, 32798, 32849, 0, 0, 0, 0, 0, 0, 5, 20, 40, 72, 0, 0, 0, 0),
(7200003, 'アイスクイーンの近衛兵', 1, 46136, 0, 32798, 32821, 0, 0, 0, 0, 0, 0, 5, 20, 40, 72, 0, 0, 0, 0),
(7200004, 'アイスクイーンの近衛兵', 1, 46136, 0, 32798, 32817, 0, 0, 0, 0, 0, 0, 5, 20, 40, 72, 0, 0, 0, 0),
(7200005, 'イエティ', 10, 46130, 0, 32799, 32831, 5, 5, 32704, 32768, 32895, 32895, 0, 90, 120, 72, 0, 100, 0, 0),
(7200006, 'スノーマン', 8, 46129, 0, 32799, 32831, 5, 5, 32704, 32768, 32895, 32895, 0, 90, 120, 72, 0, 100, 0, 0),
(7200007, 'サーベル タイガー', 10, 46128, 0, 32799, 32831, 5, 5, 32704, 32768, 32895, 32895, 0, 90, 120, 72, 0, 0, 0, 0),
(7200008, 'オウルベアー', 10, 46127, 0, 32799, 32831, 5, 5, 32704, 32768, 32895, 32895, 0, 90, 120, 72, 0, 0, 0, 0),
(7200009, 'ライカンスロープ', 10, 46126, 0, 32799, 32831, 5, 5, 32704, 32768, 32895, 32895, 0, 90, 120, 72, 0, 0, 0, 0),
(7200010, 'アイアン ゴーレム', 8, 46125, 0, 32799, 32831, 5, 5, 32704, 32768, 32895, 32895, 0, 90, 120, 72, 0, 0, 0, 0),
(7200011, 'アイスクイーンの近衛兵', 1, 46143, 0, 32856, 32836, 0, 0, 0, 0, 0, 0, 6, 60, 120, 72, 0, 0, 0, 0),
(7300001, 'ライカンスロープ', 10, 46126, 0, 32799, 32831, 5, 5, 32704, 32704, 32895, 32895, 0, 90, 120, 73, 0, 0, 0, 0),
(7300002, 'アイス ゴーレム', 5, 46133, 0, 32799, 32831, 5, 5, 32704, 32704, 32895, 32895, 0, 90, 120, 73, 0, 100, 0, 0),
(7300003, 'ゴースト', 10, 46131, 0, 32799, 32831, 5, 5, 32704, 32704, 32895, 32895, 0, 90, 120, 73, 0, 100, 0, 0),
(7300004, 'ゴースト', 10, 46132, 0, 32799, 32831, 5, 5, 32704, 32704, 32895, 32895, 0, 90, 120, 73, 0, 100, 0, 0),
(7300005, 'アイスクイーンの近衛兵', 3, 46138, 65, 32799, 32831, 5, 5, 32704, 32704, 32895, 32895, 0, 90, 120, 73, 0, 100, 0, 0),
(7300006, 'アイスクイーンの近衛兵', 3, 46135, 64, 32799, 32831, 5, 5, 32704, 32704, 32895, 32895, 0, 90, 120, 73, 0, 100, 0, 0),
(7300007, 'イエティ', 5, 46130, 0, 32799, 32831, 5, 5, 32704, 32704, 32895, 32895, 0, 90, 120, 73, 0, 100, 0, 0),
(7300008, 'スノーマン', 8, 46129, 0, 32799, 32831, 5, 5, 32704, 32704, 32895, 32895, 0, 90, 120, 73, 0, 100, 0, 0),
(7300009, 'サーベル タイガー', 10, 46128, 0, 32799, 32831, 5, 5, 32704, 32704, 32895, 32895, 0, 90, 120, 73, 0, 0, 0, 0),
(7300010, 'オウルベアー', 10, 46127, 0, 32799, 32831, 5, 5, 32704, 32704, 32895, 32895, 0, 90, 120, 73, 0, 0, 0, 0),
(7300011, 'アイアン ゴーレム', 8, 46125, 0, 32799, 32831, 5, 5, 32704, 32704, 32895, 32895, 0, 90, 120, 73, 0, 0, 0, 0),
(7300012, 'アイスマン', 10, 46134, 0, 32799, 32831, 5, 5, 32704, 32704, 32895, 32895, 0, 90, 120, 73, 0, 100, 0, 0),
(7300013, 'アイスクイーンの近衛兵', 1, 46144, 0, 32859, 32765, 0, 0, 0, 0, 0, 0, 6, 60, 120, 73, 0, 0, 0, 0),
(7300014, 'アイスクイーンの近衛兵', 1, 46145, 0, 32850, 32809, 0, 0, 0, 0, 0, 0, 2, 60, 120, 73, 0, 0, 0, 0),
(7300015, 'アイスクイーンの近衛兵', 1, 46146, 0, 32825, 32858, 0, 0, 0, 0, 0, 0, 0, 60, 120, 73, 0, 0, 0, 0),
(7300016, 'アイスクイーンの近衛兵', 1, 46147, 0, 32767, 32840, 0, 0, 0, 0, 0, 0, 4, 60, 120, 73, 0, 0, 0, 0),
(7300017, 'アイスクイーンの近衛兵', 1, 46148, 0, 32751, 32756, 0, 0, 0, 0, 0, 0, 4, 60, 120, 73, 0, 0, 0, 0),
(7400001, 'アイスクイーン メイド', 1, 46140, 68, 32842, 32921, 5, 5, 0, 0, 0, 0, 0, 90, 120, 74, 0, 0, 0, 0),
(7400002, 'アイスクイーンの近衛兵', 3, 46139, 66, 32799, 32853, 5, 5, 32704, 32768, 32895, 32959, 0, 90, 120, 74, 0, 100, 0, 0),
(7400003, 'アイスクイーンの近衛兵', 3, 46137, 67, 32799, 32853, 5, 5, 32704, 32768, 32895, 32959, 0, 90, 120, 74, 0, 100, 0, 0),
(7400004, 'イエティ', 5, 46130, 0, 32799, 32853, 5, 5, 32704, 32768, 32895, 32959, 0, 90, 120, 74, 0, 100, 0, 0),
(7400005, 'アイスマン', 10, 46134, 0, 32799, 32853, 5, 5, 32704, 32768, 32895, 32959, 0, 90, 120, 74, 0, 100, 0, 0),
(7400006, 'アイス ゴーレム', 5, 46133, 0, 32799, 32853, 5, 5, 32704, 32768, 32895, 32959, 0, 90, 120, 74, 0, 100, 0, 0),
(7400007, 'ゴースト', 10, 46131, 0, 32799, 32853, 5, 5, 32704, 32768, 32895, 32959, 0, 90, 120, 74, 0, 100, 0, 0),
(7400008, 'ゴースト', 10, 46132, 0, 32799, 32853, 5, 5, 32704, 32768, 32895, 32959, 0, 90, 120, 74, 0, 100, 0, 0),
(7400009, 'アイスクイーンの近衛兵', 1, 46149, 0, 32781, 32819, 0, 0, 0, 0, 0, 0, 6, 60, 120, 74, 0, 0, 0, 0),
(7400010, 'アイスクイーンの近衛兵', 1, 46150, 0, 32849, 32807, 0, 0, 0, 0, 0, 0, 6, 60, 120, 74, 0, 0, 0, 0),
(7400011, 'アイスクイーンの近衛兵', 1, 46151, 0, 32826, 32856, 0, 0, 0, 0, 0, 0, 2, 60, 120, 74, 0, 0, 0, 0),
(7400012, 'アイスクイーンの近衛兵', 1, 46152, 0, 32762, 32912, 0, 0, 0, 0, 0, 0, 0, 60, 120, 74, 0, 0, 0, 0);

/* spawnlist_boss 修改新增資料 */
Update spawnlist_boss Set count = '1' Where id = '43';
INSERT INTO `spawnlist_boss` VALUES
(126, 'アイス クイーン', 'Oren', 1, 46141, 0, 32842, 32921, 10, 10, 0, 0, 0, 0, 5, 74, 1, 0, 0, 0, 100),
(127, 'アイス デーモン', 'Oren', 1, 46142, 0, 32753, 32776, 10, 10, 0, 0, 0, 0, 5, 73, 1, 0, 0, 0, 100);

/* spawnlist_door 新增資料 */
insert  into spawnlist_door values 
(5001, '水晶の洞窟1階', 6640, 32859, 32835, 72, 1, 32834, 32838, 0, 0),
(5002, '水晶の洞窟2階', 6640, 32862, 32764, 73, 1, 32763, 32767, 0, 0),
(5003, '水晶の洞窟2階', 6640, 32845, 32809, 73, 1, 32808, 32812, 0, 0),
(5004, '水晶の洞窟2階', 6642, 32825, 32862, 73, 0, 32823, 32827, 0, 0),
(5005, '水晶の洞窟2階', 6642, 32767, 32837, 73, 0, 32765, 32769, 0, 0),
(5006, '水晶の洞窟2階', 6642, 32752, 32753, 73, 0, 32750, 32754, 0, 0),
(5007, '水晶の洞窟3階', 6640, 32784, 32818, 74, 1, 32817, 32821, 0, 0),
(5008, '水晶の洞窟3階', 6640, 32852, 32806, 74, 1, 32805, 32809, 0, 0),
(5009, '水晶の洞窟3階', 6640, 32822, 32855, 74, 1, 32854, 32858, 0, 0),
(5010, '水晶の洞窟3階', 6642, 32762, 32916, 74, 0, 32760, 32764, 0, 0);