/* 20110504 l1jtw 新增新手協助 NPC */
INSERT INTO npcaction VALUES
('80159', 'lowlvS1', 'lowlvS1', '', ''),
('80163', 'lowlvS1', 'lowlvS1', '', ''),
('80164', 'lowlvS1', 'lowlvS1', '', ''),
('80165', 'lowlvS1', 'lowlvS1', '', ''),
('80166', 'lowlvS1', 'lowlvS1', '', ''),
('80167', 'lowlvS1', 'lowlvS1', '', ''),
('80168', 'lowlvS1', 'lowlvS1', '', ''),
('80169', 'lowlvS1', 'lowlvS1', '', ''),
('80170', 'lowlvS1', 'lowlvS1', '', ''),
('80171', 'lowlvS1', 'lowlvS1', '', '');

INSERT INTO `npc` VALUES
('80163', '新手協助^旅人諮詢員', '$8481', '旅人諮詢員 古丁', 'L1Merchant', '7868', '0', '0', '0', '0', '0', '0', '0', '0', '0', '0', '0', '0', '', '0', '0', '0', '0', '0', '0', '0', '0', '0', '0', '0', '0', '0', '0', '', '0', '-1', '-1', '0', '0', '0', '0', '0', '0', '0', '0', '0', '0', '0', '0', '0', '0', '0', '0', '0', '0', '0', '0', '0', '-1', '0', '14', '0', '0', '0'),
('80164', '新手協助^旅人諮詢員', '$8481', '旅人諮詢員 肯特', 'L1Merchant', '7868', '0', '0', '0', '0', '0', '0', '0', '0', '0', '0', '0', '0', '', '0', '0', '0', '0', '0', '0', '0', '0', '0', '0', '0', '0', '0', '0', '', '0', '-1', '-1', '0', '0', '0', '0', '0', '0', '0', '0', '0', '0', '0', '0', '0', '0', '0', '0', '0', '0', '0', '0', '0', '-1', '0', '14', '0', '0', '0'),
('80165', '新手協助^旅人諮詢員', '$8481', '旅人諮詢員 奇岩', 'L1Merchant', '7868', '0', '0', '0', '0', '0', '0', '0', '0', '0', '0', '0', '0', '', '0', '0', '0', '0', '0', '0', '0', '0', '0', '0', '0', '0', '0', '0', '', '0', '-1', '-1', '0', '0', '0', '0', '0', '0', '0', '0', '0', '0', '0', '0', '0', '0', '0', '0', '0', '0', '0', '0', '0', '-1', '0', '14', '0', '0', '0'),
('80166', '新手協助^旅人諮詢員', '$8481', '旅人諮詢員 威頓', 'L1Merchant', '7868', '0', '0', '0', '0', '0', '0', '0', '0', '0', '0', '0', '0', '', '0', '0', '0', '0', '0', '0', '0', '0', '0', '0', '0', '0', '0', '0', '', '0', '-1', '-1', '0', '0', '0', '0', '0', '0', '0', '0', '0', '0', '0', '0', '0', '0', '0', '0', '0', '0', '0', '0', '0', '-1', '0', '14', '0', '0', '0'),
('80167', '新手協助^旅人諮詢員', '$8481', '旅人諮詢員 歐瑞', 'L1Merchant', '7868', '0', '0', '0', '0', '0', '0', '0', '0', '0', '0', '0', '0', '', '0', '0', '0', '0', '0', '0', '0', '0', '0', '0', '0', '0', '0', '0', '', '0', '-1', '-1', '0', '0', '0', '0', '0', '0', '0', '0', '0', '0', '0', '0', '0', '0', '0', '0', '0', '0', '0', '0', '0', '-1', '0', '14', '0', '0', '0'),
('80168', '新手協助^旅人諮詢員', '$8481', '旅人諮詢員 海音', 'L1Merchant', '7868', '0', '0', '0', '0', '0', '0', '0', '0', '0', '0', '0', '0', '', '0', '0', '0', '0', '0', '0', '0', '0', '0', '0', '0', '0', '0', '0', '', '0', '-1', '-1', '0', '0', '0', '0', '0', '0', '0', '0', '0', '0', '0', '0', '0', '0', '0', '0', '0', '0', '0', '0', '0', '-1', '0', '14', '0', '0', '0'),
('80169', '新手協助^旅人諮詢員', '$8481', '旅人諮詢員 騎村', 'L1Merchant', '7868', '0', '0', '0', '0', '0', '0', '0', '0', '0', '0', '0', '0', '', '0', '0', '0', '0', '0', '0', '0', '0', '0', '0', '0', '0', '0', '0', '', '0', '-1', '-1', '0', '0', '0', '0', '0', '0', '0', '0', '0', '0', '0', '0', '0', '0', '0', '0', '0', '0', '0', '0', '0', '-1', '0', '14', '0', '0', '0'),
('80170', '新手協助^旅人諮詢員', '$8481', '旅人諮詢員 風木', 'L1Merchant', '7868', '0', '0', '0', '0', '0', '0', '0', '0', '0', '0', '0', '0', '', '0', '0', '0', '0', '0', '0', '0', '0', '0', '0', '0', '0', '0', '0', '', '0', '-1', '-1', '0', '0', '0', '0', '0', '0', '0', '0', '0', '0', '0', '0', '0', '0', '0', '0', '0', '0', '0', '0', '0', '-1', '0', '14', '0', '0', '0'),
('80171', '新手協助^旅人諮詢員', '$8481', '旅人諮詢員 亞丁', 'L1Merchant', '7868', '0', '0', '0', '0', '0', '0', '0', '0', '0', '0', '0', '0', '', '0', '0', '0', '0', '0', '0', '0', '0', '0', '0', '0', '0', '0', '0', '', '0', '-1', '-1', '0', '0', '0', '0', '0', '0', '0', '0', '0', '0', '0', '0', '0', '0', '0', '0', '0', '0', '0', '0', '0', '-1', '0', '14', '0', '0', '0');

INSERT INTO spawnlist_npc VALUES ('89763', '話島', '1', '80159', '32581', '32922', '0', '0', '4', '0', '0', '0'),
('89764', '古丁', '1', '80163', '32610', '32730', '0', '0', '5', '0', '4', '0'),
('89765', '肯特', '1', '80164', '33050', '32781', '0', '0', '5', '0', '4', '0'),
('89766', '奇岩', '1', '80165', '33435', '32795', '0', '0', '4', '0', '4', '0'),
('89767', '威頓', '1', '80166', '33709', '32501', '0', '0', '5', '0', '4', '0'),
('89768', '歐瑞', '1', '80167', '34065', '32280', '0', '0', '5', '0', '4', '0'),
('89769', '海音', '1', '80168', '33611', '33257', '0', '0', '0', '0', '4', '0'),
('89770', '騎村', '1', '80169', '33082', '33385', '0', '0', '4', '0', '4', '0'),
('89771', '風木', '1', '80170', '32640', '33202', '0', '0', '5', '0', '4', '0'),
('89772', '亞丁', '1', '80171', '33934', '33353', '0', '0', '6', '0', '4', '0'),
('89773', '亞丁', '1', '80171', '33966', '33252', '0', '0', '4', '0', '4', '0');